variable,n_bins,iv_train,ruido_train,iv_valid,ruido_valid,auc_valid,ks_valid,corr_bins,decision
avg_monthly_topups,6,0.4347421024795044,0.04268320621337495,0.40746014411875264,0.12307547868378481,0.6859131752168007,0.3206561487827813,0.8995250878361262,ENTRA
has_bureau_record,2,0.19312886496748422,0.014952952150112712,0.22739897741692036,0.09723148439062593,0.6290356284609758,0.2580712569219517,1.0,ENTRA
bureau_score,7,0.21744324097476309,0.05481477424635695,0.2081037347920437,0.12081408918850987,0.6170201650820186,0.2580712569219517,0.1985978502484973,REVISAR: patron por bin inestable
pago_prom,7,0.14617965870558852,0.05359431925693518,0.2069503328177454,0.07260842302779501,0.6519041897398391,0.24422735346358793,0.9242211729461783,ENTRA
utility_payment_ontime_rate,7,0.09343291985409184,0.05366044881574005,0.10322143771486947,0.060801077737395834,0.6133241040643611,0.18759795214711106,0.7152358020971107,ENTRA
telco_payment_ontime_rate,7,0.08210182983876527,0.05571067212651418,0.11418961840538619,0.06783148597952206,0.5909779542367569,0.1803625535471738,0.8417073025109945,ENTRA
monthly_income_declared,7,0.053590936276435755,0.052990632685096926,-0.02882230074328001,0.04645472614805219,0.4593172082332045,0.08520530770034485,-0.7698216046775039,FUERA: no replica en valid
device_price_tier,5,0.05138367172418876,0.03841477384568998,0.0214552235990525,0.04783202635236043,0.5425895935638909,0.11500888099467144,0.25166795166240186,FUERA: no replica en valid
app_tenure_months,6,0.038009846593496814,0.04389864579774538,-0.03139988886881093,0.04383711964193736,0.4390084630655104,0.1386218785915787,-0.4184472326743904,FUERA: IV de train no supera el ruido
age,6,0.03293378038601028,0.04583561222802698,-0.007539921002128764,0.030157912105992085,0.49511545293072823,0.07287639745063201,-0.16954775755188203,FUERA: IV de train no supera el ruido
digital_engagement_score,6,0.03209749823904686,0.05137861169971239,0.017725319167270482,0.037517074289299124,0.5166649252951625,0.08810469125483233,0.16586742755317024,FUERA: IV de train no supera el ruido
requested_amount,6,0.02856517011133695,0.043704414155674665,0.005539034951817934,0.034157955659445356,0.5013582697732735,0.08178351269459827,0.03684407585142805,FUERA: IV de train no supera el ruido
num_transactions_last_90d,6,0.023823893620402256,0.046131932157852815,-0.00834604836908968,0.027285316785217884,0.489695434123916,0.028053494932608933,-0.37544848680780335,FUERA: IV de train no supera el ruido
pct_p2p_transfers,6,0.021770235229558538,0.04468205126477684,-0.011147288250836636,0.02856327236821651,0.47566868665761153,0.11738585309789984,-0.21161036082594525,FUERA: IV de train no supera el ruido
product_type,3,0.00391018985868748,0.026640041354807926,0.010214680839110759,0.010749073057749052,0.5438303207606311,0.09601922474140634,0.6779770658991818,FUERA: IV de train no supera el ruido
sexo,3,0.0002774364219347425,0.023645506990173246,-0.0002626652251373316,0.0029162908089216018,0.5131386479991641,0.02831470065823838,-0.21896141560227902,FUERA: IV de train no supera el ruido
topups_sobre_ingreso,7,0.23664138065408738,0.05539278591966028,0.2520287657361056,0.11886967801787837,0.641677985581444,0.210845261728137,0.4275305201941181,REVISAR: patron por bin inestable
topups_sobre_monto,6,0.29121100506318903,0.045948451542893745,0.3340356237055021,0.10682581889294601,0.6819428481872323,0.27909831783512695,0.9104763720576567,ENTRA
monto_sobre_ingreso,7,0.02349322193771919,0.05198725511244001,0.025815638970551738,0.03250902070854,0.5642696687911399,0.11001985163514783,-0.5126664739831761,FUERA: IV de train no supera el ruido
trx_por_mes,6,0.033281965997105804,0.051703496759201266,-0.025740616548509045,0.028960177486484582,0.46444990074182424,0.06924563786438204,-0.8437709991667678,FUERA: IV de train no supera el ruido
p2p_con_trx,7,0.03203464710468835,0.049408659173915195,-0.01586585694437345,0.041197350914463686,0.456914115557413,0.10638909204889768,-0.30314089466498345,FUERA: IV de train no supera el ruido
tiene_bono,2,0.0031838062382197932,0.011334240828225966,-0.0041281337864495764,0.013587857310652677,0.4911190053285968,0.017761989342806372,-1.0,FUERA: IV de train no supera el ruido
sin_transacciones,2,0.010070175777044268,0.019709778884707225,-0.0007997784730840918,0.025986452927033932,0.4961602758332463,0.0076794483335074215,-1.0,FUERA: IV de train no supera el ruido
