application_id,pd_referencia
CAND-00003,0.034702595391212655
CAND-00008,0.050015163767639
CAND-00011,0.04612197343376437
CAND-00023,0.046233959235925604
CAND-00027,0.2143174880386948
CAND-00046,0.02310975021301328
CAND-00050,0.050015163767639
CAND-00053,0.08260955038649989
CAND-00056,0.07026998938500013
CAND-00057,0.08689271168320128
CAND-00059,0.1159816725984282
CAND-00062,0.1724700791400055
CAND-00065,0.058245104478508385
CAND-00084,0.0208573551161234
CAND-00104,0.03482537995193525
CAND-00108,0.03482537995193525
CAND-00121,0.03444125354097564
CAND-00132,0.29036202627733737
CAND-00137,0.12019246315461812
CAND-00144,0.1524008897055095
CAND-00156,0.03114770352944533
CAND-00157,0.046233959235925604
CAND-00166,0.15272048872474
CAND-00172,0.04133377291039027
CAND-00175,0.1159816725984282
CAND-00186,0.08689271168320128
CAND-00191,0.15171005012238936
CAND-00192,0.015305442686915272
CAND-00199,0.31523758282302305
CAND-00202,0.31523758282302305
CAND-00204,0.2143174880386948
CAND-00207,0.010555618602472613
CAND-00219,0.057399135622506196
CAND-00227,0.08260955038649989
CAND-00235,0.09919625494863613
CAND-00241,0.015305442686915272
CAND-00242,0.030727034141942756
CAND-00243,0.06544090921987535
CAND-00249,0.034702595391212655
CAND-00255,0.07587951211878306
CAND-00256,0.0208573551161234
CAND-00260,0.07544578284986891
CAND-00264,0.04411653790160889
CAND-00274,0.03407906751808406
CAND-00283,0.43662556815330156
CAND-00284,0.31470420654643594
CAND-00297,0.058245104478508385
CAND-00328,0.23280418535021483
CAND-00334,0.1724700791400055
CAND-00336,0.08409651547781787
CAND-00343,0.07587951211878306
CAND-00357,0.09003628854337402
CAND-00362,0.015305442686915272
CAND-00379,0.037295715537882246
CAND-00394,0.028742205073322688
CAND-00398,0.030727034141942756
CAND-00400,0.0722974362896287
CAND-00403,0.05159803767013958
CAND-00408,0.09912547962243905
CAND-00431,0.1159816725984282
CAND-00439,0.057399135622506196
CAND-00444,0.2143174880386948
CAND-00446,0.05697695727099563
CAND-00453,0.09912547962243905
CAND-00461,0.0208573551161234
CAND-00462,0.02310975021301328
CAND-00464,0.07026998938500013
CAND-00469,0.028742205073322688
CAND-00473,0.13112652285505166
CAND-00479,0.03482537995193525
CAND-00480,0.041302388859885915
CAND-00484,0.07490141647936892
CAND-00489,0.08689271168320128
CAND-00501,0.04411653790160889
CAND-00504,0.010555618602472613
CAND-00509,0.2314086057782049
CAND-00512,0.31470420654643594
CAND-00519,0.034702595391212655
CAND-00521,0.05159803767013958
CAND-00522,0.1099188356358592
CAND-00523,0.014101265184690723
CAND-00525,0.03114770352944533
CAND-00526,0.023643007038236196
CAND-00534,0.026524357000440854
CAND-00540,0.03407906751808406
CAND-00541,0.16599986447140413
CAND-00545,0.07587951211878306
CAND-00553,0.2143174880386948
CAND-00555,0.19552473595620826
CAND-00561,0.1524008897055095
CAND-00564,0.15171005012238936
CAND-00572,0.05159803767013958
CAND-00575,0.08409651547781787
CAND-00576,0.1724700791400055
CAND-00577,0.13459378337107397
CAND-00587,0.2314086057782049
CAND-00588,0.03444125354097564
CAND-00600,0.07026998938500013
CAND-00606,0.03444125354097564
CAND-00610,0.08260955038649989
CAND-00611,0.03482537995193525
CAND-00620,0.03407906751808406
CAND-00621,0.04612197343376437
CAND-00633,0.18698335664884203
CAND-00642,0.017749706288190333
CAND-00643,0.010555618602472613
CAND-00644,0.1159816725984282
CAND-00648,0.2143174880386948
CAND-00651,0.12019246315461812
CAND-00652,0.03482537995193525
CAND-00653,0.15272048872474
CAND-00658,0.0906798696155467
CAND-00662,0.010555618602472613
CAND-00671,0.023643007038236196
CAND-00679,0.19552473595620826
CAND-00682,0.31470420654643594
CAND-00687,0.1724700791400055
CAND-00690,0.028742205073322688
CAND-00695,0.028742205073322688
CAND-00708,0.07544578284986891
CAND-00715,0.08266148883198594
CAND-00718,0.013773660467566685
CAND-00721,0.31523758282302305
CAND-00727,0.026524357000440854
CAND-00739,0.034702595391212655
CAND-00741,0.16599986447140413
CAND-00742,0.16599986447140413
CAND-00748,0.09912547962243905
CAND-00749,0.09003628854337402
CAND-00752,0.023643007038236196
CAND-00762,0.29036202627733737
CAND-00766,0.050015163767639
CAND-00769,0.028742205073322688
CAND-00776,0.013773660467566685
CAND-00782,0.08260955038649989
CAND-00786,0.2509842722221661
CAND-00809,0.2029939786496897
CAND-00815,0.01862628233693725
CAND-00821,0.18698335664884203
CAND-00840,0.08689271168320128
CAND-00841,0.0507729271329089
CAND-00846,0.015305442686915272
CAND-00847,0.0906798696155467
CAND-00857,0.2509842722221661
CAND-00859,0.026524357000440854
CAND-00863,0.023643007038236196
CAND-00868,0.02310975021301328
CAND-00872,0.010555618602472613
CAND-00877,0.1159816725984282
CAND-00884,0.11852801420244316
CAND-00885,0.31470420654643594
CAND-00906,0.08437878874956663
CAND-00908,0.057399135622506196
CAND-00914,0.08689271168320128
CAND-00925,0.19552473595620826
CAND-00932,0.12019246315461812
CAND-00943,0.1524008897055095
CAND-00945,0.1099188356358592
CAND-00951,0.09003628854337402
CAND-00961,0.03482537995193525
CAND-00965,0.19552473595620826
CAND-00979,0.03482537995193525
CAND-00985,0.026524357000440854
CAND-00998,0.03482537995193525
CAND-01010,0.1524008897055095
CAND-01013,0.06300646644373523
CAND-01014,0.19552473595620826
CAND-01015,0.13112652285505166
CAND-01021,0.15272048872474
CAND-01024,0.10545316089233389
CAND-01034,0.07490141647936892
CAND-01053,0.1524008897055095
CAND-01055,0.03407906751808406
CAND-01059,0.006261754090925261
CAND-01062,0.13459378337107397
CAND-01068,0.046233959235925604
CAND-01091,0.1099188356358592
CAND-01092,0.08260955038649989
CAND-01097,0.1524008897055095
CAND-01100,0.025652801422410637
CAND-01107,0.23280418535021483
CAND-01109,0.0557922763858048
CAND-01110,0.1099188356358592
CAND-01111,0.19552473595620826
CAND-01124,0.034702595391212655
CAND-01134,0.015305442686915272
CAND-01154,0.12019246315461812
CAND-01157,0.19552473595620826
CAND-01158,0.1724700791400055
CAND-01169,0.037295715537882246
CAND-01179,0.07544578284986891
CAND-01182,0.026524357000440854
CAND-01184,0.23280418535021483
CAND-01191,0.03407906751808406
CAND-01197,0.07587951211878306
CAND-01198,0.19552473595620826
CAND-01209,0.058245104478508385
CAND-01212,0.034702595391212655
CAND-01218,0.09649676696878269
CAND-01229,0.026524357000440854
CAND-01230,0.030727034141942756
CAND-01236,0.017749706288190333
CAND-01244,0.037295715537882246
CAND-01250,0.015305442686915272
CAND-01253,0.2143174880386948
CAND-01263,0.046233959235925604
CAND-01264,0.2143174880386948
CAND-01266,0.23280418535021483
CAND-01275,0.2314086057782049
CAND-01279,0.046233959235925604
CAND-01282,0.18698335664884203
CAND-01293,0.05159803767013958
CAND-01294,0.058245104478508385
CAND-01302,0.023643007038236196
CAND-01306,0.09649676696878269
CAND-01307,0.1159816725984282
CAND-01310,0.04612197343376437
CAND-01316,0.015305442686915272
CAND-01327,0.23280418535021483
CAND-01330,0.028742205073322688
CAND-01339,0.050015163767639
CAND-01340,0.02310975021301328
CAND-01343,0.03482537995193525
CAND-01346,0.08266148883198594
CAND-01350,0.041302388859885915
CAND-01364,0.04133377291039027
CAND-01366,0.03818251217871174
CAND-01367,0.041302388859885915
CAND-01378,0.013773660467566685
CAND-01383,0.29036202627733737
CAND-01385,0.1159816725984282
CAND-01386,0.05697695727099563
CAND-01387,0.028742205073322688
CAND-01390,0.03407906751808406
CAND-01400,0.07587951211878306
CAND-01402,0.18698335664884203
CAND-01404,0.07544578284986891
CAND-01415,0.03444125354097564
CAND-01426,0.0208573551161234
CAND-01440,0.028742205073322688
CAND-01441,0.31523758282302305
CAND-01444,0.046233959235925604
CAND-01454,0.11852801420244316
CAND-01459,0.05159803767013958
CAND-01468,0.08266148883198594
CAND-01470,0.43662556815330156
CAND-01492,0.037295715537882246
CAND-01495,0.041302388859885915
CAND-01500,0.15272048872474
CAND-01501,0.43662556815330156
CAND-01503,0.0906798696155467
CAND-01509,0.010555618602472613
CAND-01514,0.037295715537882246
CAND-01518,0.06544090921987535
CAND-01526,0.23280418535021483
CAND-01527,0.01862628233693725
CAND-01533,0.09649676696878269
CAND-01535,0.29036202627733737
CAND-01536,0.025652801422410637
CAND-01537,0.08409651547781787
CAND-01551,0.2143174880386948
CAND-01552,0.43662556815330156
CAND-01557,0.08437878874956663
CAND-01560,0.18698335664884203
CAND-01568,0.041302388859885915
CAND-01571,0.2143174880386948
CAND-01576,0.13459378337107397
CAND-01577,0.2314086057782049
CAND-01578,0.04612197343376437
CAND-01579,0.028742205073322688
CAND-01588,0.046233959235925604
CAND-01591,0.04612197343376437
CAND-01592,0.08689271168320128
CAND-01607,0.015305442686915272
CAND-01627,0.2314086057782049
CAND-01630,0.03818251217871174
CAND-01647,0.028742205073322688
CAND-01652,0.08260955038649989
CAND-01667,0.02310975021301328
CAND-01675,0.16599986447140413
CAND-01687,0.1724700791400055
CAND-01690,0.023643007038236196
CAND-01695,0.10545316089233389
CAND-01701,0.03114770352944533
CAND-01702,0.04133377291039027
CAND-01705,0.010555618602472613
CAND-01708,0.06300646644373523
CAND-01714,0.11852801420244316
CAND-01717,0.2143174880386948
CAND-01726,0.16599986447140413
CAND-01727,0.04612197343376437
CAND-01730,0.31470420654643594
CAND-01740,0.0507729271329089
CAND-01745,0.1159816725984282
CAND-01746,0.08437878874956663
CAND-01748,0.12019246315461812
CAND-01756,0.09003628854337402
CAND-01772,0.08437878874956663
CAND-01773,0.028742205073322688
CAND-01775,0.18698335664884203
CAND-01778,0.1159816725984282
CAND-01797,0.017749706288190333
CAND-01799,0.0208573551161234
CAND-01817,0.43662556815330156
CAND-01828,0.02310975021301328
CAND-01829,0.15272048872474
CAND-01831,0.015305442686915272
CAND-01842,0.04411653790160889
CAND-01848,0.09919625494863613
CAND-01852,0.057399135622506196
CAND-01860,0.04411653790160889
CAND-01862,0.43662556815330156
CAND-01867,0.12019246315461812
CAND-01875,0.29036202627733737
CAND-01876,0.1724700791400055
CAND-01878,0.19552473595620826
CAND-01885,0.05159803767013958
CAND-01888,0.01862628233693725
CAND-01892,0.1159816725984282
CAND-01898,0.04411653790160889
CAND-01899,0.041302388859885915
CAND-01903,0.01862628233693725
CAND-01911,0.0557922763858048
CAND-01915,0.010555618602472613
CAND-01917,0.06300646644373523
CAND-01928,0.09003628854337402
CAND-01931,0.08689271168320128
CAND-01938,0.0557922763858048
CAND-01942,0.23280418535021483
CAND-01947,0.015305442686915272
CAND-01953,0.09919625494863613
CAND-01964,0.07587951211878306
CAND-01971,0.15272048872474
CAND-02005,0.037295715537882246
CAND-02010,0.025652801422410637
CAND-02017,0.12019246315461812
CAND-02019,0.03444125354097564
CAND-02020,0.09912547962243905
CAND-02023,0.017749706288190333
CAND-02024,0.015305442686915272
CAND-02026,0.10545316089233389
CAND-02028,0.04612197343376437
CAND-02056,0.07026998938500013
CAND-02057,0.013773660467566685
CAND-02071,0.08689271168320128
CAND-02073,0.2143174880386948
CAND-02079,0.1724700791400055
CAND-02081,0.07544578284986891
CAND-02090,0.08689271168320128
CAND-02093,0.0906798696155467
CAND-02094,0.034702595391212655
CAND-02095,0.13808320062853868
CAND-02098,0.050015163767639
CAND-02102,0.0557922763858048
CAND-02117,0.03114770352944533
CAND-02127,0.026524357000440854
CAND-02135,0.03444125354097564
CAND-02136,0.028742205073322688
CAND-02142,0.1524008897055095
CAND-02160,0.058245104478508385
CAND-02161,0.08689271168320128
CAND-02168,0.04133377291039027
CAND-02173,0.06544090921987535
CAND-02183,0.08689271168320128
CAND-02191,0.13459378337107397
CAND-02199,0.09919625494863613
CAND-02202,0.025652801422410637
CAND-02227,0.046233959235925604
CAND-02239,0.03444125354097564
CAND-02247,0.04133377291039027
CAND-02248,0.2143174880386948
CAND-02249,0.19552473595620826
CAND-02250,0.43662556815330156
CAND-02256,0.10545316089233389
CAND-02261,0.2314086057782049
CAND-02265,0.1159816725984282
CAND-02275,0.11852801420244316
CAND-02277,0.0208573551161234
CAND-02287,0.29036202627733737
CAND-02295,0.058245104478508385
CAND-02296,0.08689271168320128
CAND-02304,0.04133377291039027
CAND-02306,0.08689271168320128
CAND-02316,0.03482537995193525
CAND-02317,0.13808320062853868
CAND-02327,0.03444125354097564
CAND-02333,0.041302388859885915
CAND-02340,0.13459378337107397
CAND-02345,0.046233959235925604
CAND-02368,0.1099188356358592
CAND-02375,0.05159803767013958
CAND-02378,0.2314086057782049
CAND-02380,0.07544578284986891
CAND-02382,0.2143174880386948
CAND-02388,0.013773660467566685
CAND-02389,0.015305442686915272
CAND-02395,0.08260955038649989
CAND-02409,0.026524357000440854
CAND-02415,0.04612197343376437
CAND-02420,0.02310975021301328
CAND-02425,0.03818251217871174
CAND-02438,0.43662556815330156
CAND-02440,0.18698335664884203
CAND-02444,0.058245104478508385
CAND-02445,0.07490141647936892
CAND-02447,0.01862628233693725
CAND-02448,0.015305442686915272
CAND-02463,0.015305442686915272
CAND-02468,0.1724700791400055
CAND-02474,0.04411653790160889
CAND-02482,0.1724700791400055
CAND-02490,0.025652801422410637
CAND-02500,0.017749706288190333
CAND-02513,0.0906798696155467
CAND-02526,0.017749706288190333
CAND-02530,0.19552473595620826
CAND-02532,0.0906798696155467
CAND-02543,0.028742205073322688
CAND-02544,0.23280418535021483
CAND-02552,0.058245104478508385
CAND-02557,0.08689271168320128
CAND-02559,0.057399135622506196
CAND-02562,0.05159803767013958
CAND-02568,0.0722974362896287
CAND-02574,0.03818251217871174
CAND-02587,0.057399135622506196
CAND-02595,0.31470420654643594
CAND-02601,0.03114770352944533
CAND-02603,0.23280418535021483
CAND-02606,0.013773660467566685
CAND-02607,0.1159816725984282
CAND-02608,0.037295715537882246
CAND-02615,0.05159803767013958
CAND-02624,0.026524357000440854
CAND-02627,0.2143174880386948
CAND-02634,0.1159816725984282
CAND-02640,0.15171005012238936
CAND-02643,0.017749706288190333
CAND-02650,0.43662556815330156
CAND-02653,0.10545316089233389
CAND-02661,0.13459378337107397
CAND-02674,0.015305442686915272
CAND-02683,0.04612197343376437
CAND-02685,0.08266148883198594
CAND-02691,0.08266148883198594
CAND-02692,0.07544578284986891
CAND-02696,0.2029939786496897
CAND-02698,0.037295715537882246
CAND-02701,0.13459378337107397
CAND-02705,0.31470420654643594
CAND-02719,0.026524357000440854
CAND-02721,0.1159816725984282
CAND-02730,0.02310975021301328
CAND-02734,0.2314086057782049
CAND-02758,0.2029939786496897
CAND-02761,0.08260955038649989
CAND-02762,0.1724700791400055
CAND-02778,0.18698335664884203
CAND-02782,0.023643007038236196
CAND-02792,0.07490141647936892
CAND-02817,0.050015163767639
CAND-02825,0.13112652285505166
CAND-02829,0.0507729271329089
CAND-02842,0.025652801422410637
CAND-02851,0.13808320062853868
CAND-02853,0.2509842722221661
CAND-02859,0.023643007038236196
CAND-02873,0.015305442686915272
CAND-02874,0.07026998938500013
CAND-02877,0.13459378337107397
CAND-02880,0.06300646644373523
CAND-02882,0.1159816725984282
CAND-02884,0.015305442686915272
CAND-02885,0.13808320062853868
CAND-02887,0.015305442686915272
CAND-02889,0.02310975021301328
CAND-02891,0.050015163767639
CAND-02904,0.057399135622506196
CAND-02914,0.025652801422410637
CAND-02922,0.04612197343376437
CAND-02928,0.2143174880386948
CAND-02930,0.023643007038236196
CAND-02935,0.03114770352944533
CAND-02938,0.03114770352944533
CAND-02943,0.08260955038649989
CAND-02944,0.08689271168320128
CAND-02955,0.08689271168320128
CAND-02956,0.023643007038236196
CAND-02963,0.010560631537488012
CAND-02965,0.09912547962243905
CAND-02968,0.15272048872474
CAND-02969,0.050015163767639
CAND-03001,0.31470420654643594
CAND-03003,0.07587951211878306
CAND-03004,0.03114770352944533
CAND-03006,0.43662556815330156
CAND-03007,0.43662556815330156
CAND-03008,0.1524008897055095
CAND-03010,0.2029939786496897
CAND-03013,0.31523758282302305
CAND-03014,0.1524008897055095
CAND-03016,0.05697695727099563
CAND-03018,0.01862628233693725
CAND-03020,0.07544578284986891
CAND-03021,0.23280418535021483
CAND-03022,0.31523758282302305
CAND-03023,0.13808320062853868
CAND-03025,0.0507729271329089
CAND-03027,0.01862628233693725
CAND-03028,0.31523758282302305
CAND-03029,0.11852801420244316
CAND-03030,0.08266148883198594
CAND-03032,0.2509842722221661
CAND-03033,0.05697695727099563
CAND-03034,0.037295715537882246
CAND-03035,0.19552473595620826
CAND-03037,0.06300646644373523
CAND-03039,0.15272048872474
CAND-03040,0.13459378337107397
CAND-03042,0.2029939786496897
CAND-03043,0.0208573551161234
CAND-03044,0.08266148883198594
CAND-03045,0.16599986447140413
CAND-03047,0.09912547962243905
CAND-03048,0.19552473595620826
CAND-03049,0.013773660467566685
CAND-03052,0.31523758282302305
CAND-03053,0.31523758282302305
CAND-03055,0.057399135622506196
CAND-03056,0.04612197343376437
CAND-03057,0.03818251217871174
CAND-03058,0.31470420654643594
CAND-03059,0.0722974362896287
CAND-03062,0.15272048872474
CAND-03064,0.02310975021301328
CAND-03065,0.23280418535021483
CAND-03068,0.09912547962243905
CAND-03069,0.1524008897055095
CAND-03071,0.43662556815330156
CAND-03072,0.09649676696878269
CAND-03073,0.2509842722221661
CAND-03075,0.03114770352944533
CAND-03076,0.31470420654643594
CAND-03077,0.31523758282302305
CAND-03079,0.43662556815330156
CAND-03080,0.0906798696155467
CAND-03081,0.15272048872474
CAND-03082,0.0906798696155467
CAND-03083,0.08409651547781787
CAND-03084,0.31523758282302305
CAND-03085,0.11852801420244316
CAND-03086,0.31523758282302305
CAND-03087,0.03114770352944533
CAND-03089,0.0208573551161234
CAND-03090,0.18698335664884203
CAND-03091,0.15272048872474
CAND-03092,0.050015163767639
CAND-03094,0.013773660467566685
CAND-03095,0.2029939786496897
CAND-03096,0.2029939786496897
CAND-03098,0.025652801422410637
CAND-03100,0.03482537995193525
CAND-03101,0.23280418535021483
CAND-03102,0.31523758282302305
CAND-03103,0.31470420654643594
CAND-03104,0.43662556815330156
CAND-03108,0.03114770352944533
CAND-03112,0.2143174880386948
CAND-03114,0.43662556815330156
CAND-03115,0.15272048872474
CAND-03116,0.31470420654643594
CAND-03118,0.034702595391212655
CAND-03121,0.03818251217871174
CAND-03122,0.16599986447140413
CAND-03123,0.2509842722221661
CAND-03124,0.09912547962243905
CAND-03125,0.43662556815330156
CAND-03126,0.29036202627733737
CAND-03127,0.057399135622506196
CAND-03128,0.015305442686915272
CAND-03130,0.0208573551161234
CAND-03131,0.11959613780664007
CAND-03132,0.037295715537882246
CAND-03135,0.29036202627733737
CAND-03137,0.013773660467566685
CAND-03138,0.07544578284986891
CAND-03139,0.2314086057782049
CAND-03141,0.08689271168320128
CAND-03143,0.01862628233693725
CAND-03145,0.0906798696155467
CAND-03148,0.04133377291039027
CAND-03151,0.0906798696155467
CAND-03152,0.057399135622506196
CAND-03153,0.08266148883198594
CAND-03154,0.1159816725984282
CAND-03155,0.2029939786496897
CAND-03157,0.034702595391212655
CAND-03158,0.08409651547781787
CAND-03159,0.43662556815330156
CAND-03161,0.057399135622506196
CAND-03163,0.31523758282302305
CAND-03164,0.2143174880386948
CAND-03165,0.04612197343376437
CAND-03166,0.43662556815330156
CAND-03169,0.43662556815330156
CAND-03170,0.04133377291039027
CAND-03171,0.0557922763858048
CAND-03173,0.06300646644373523
CAND-03175,0.0906798696155467
CAND-03176,0.1724700791400055
CAND-03177,0.0557922763858048
CAND-03178,0.09912547962243905
CAND-03179,0.15272048872474
CAND-03180,0.31523758282302305
CAND-03181,0.07587951211878306
CAND-03182,0.12019246315461812
CAND-03183,0.046233959235925604
CAND-03184,0.10545316089233389
CAND-03185,0.11852801420244316
CAND-03186,0.0507729271329089
CAND-03188,0.12019246315461812
CAND-03190,0.13112652285505166
CAND-03191,0.15272048872474
CAND-03192,0.0906798696155467
CAND-03193,0.0208573551161234
CAND-03195,0.04612197343376437
CAND-03197,0.050015163767639
CAND-03199,0.31470420654643594
CAND-03200,0.01862628233693725
CAND-03201,0.19552473595620826
CAND-03203,0.058245104478508385
CAND-03205,0.01862628233693725
CAND-03206,0.01862628233693725
CAND-03207,0.050015163767639
CAND-03209,0.09912547962243905
CAND-03211,0.01862628233693725
CAND-03212,0.0722974362896287
CAND-03213,0.07587951211878306
CAND-03215,0.15272048872474
CAND-03216,0.04612197343376437
CAND-03217,0.1724700791400055
CAND-03219,0.08437878874956663
CAND-03221,0.057399135622506196
CAND-03222,0.03114770352944533
CAND-03223,0.057399135622506196
CAND-03225,0.08689271168320128
CAND-03226,0.0722974362896287
CAND-03227,0.13112652285505166
CAND-03228,0.31523758282302305
CAND-03229,0.1724700791400055
CAND-03232,0.09649676696878269
CAND-03234,0.08689271168320128
CAND-03235,0.1524008897055095
CAND-03236,0.09649676696878269
CAND-03237,0.10545316089233389
CAND-03238,0.06300646644373523
CAND-03240,0.1524008897055095
CAND-03241,0.050015163767639
CAND-03242,0.01862628233693725
CAND-03243,0.013773660467566685
CAND-03246,0.2143174880386948
CAND-03248,0.03482537995193525
CAND-03250,0.025652801422410637
CAND-03251,0.057399135622506196
CAND-03252,0.0557922763858048
CAND-03253,0.01862628233693725
CAND-03256,0.11852801420244316
CAND-03257,0.058245104478508385
CAND-03258,0.03818251217871174
CAND-03259,0.07544578284986891
CAND-03260,0.03114770352944533
CAND-03263,0.19552473595620826
CAND-03264,0.05697695727099563
CAND-03266,0.2029939786496897
CAND-03267,0.15272048872474
CAND-03268,0.31523758282302305
CAND-03271,0.06544090921987535
CAND-03272,0.1159816725984282
CAND-03273,0.23280418535021483
CAND-03274,0.31470420654643594
CAND-03275,0.13459378337107397
CAND-03276,0.2029939786496897
CAND-03277,0.0507729271329089
CAND-03278,0.03114770352944533
CAND-03279,0.09003628854337402
CAND-03281,0.046233959235925604
CAND-03282,0.09649676696878269
CAND-03283,0.07544578284986891
CAND-03284,0.034702595391212655
CAND-03285,0.09003628854337402
CAND-03286,0.03444125354097564
CAND-03287,0.0906798696155467
CAND-03288,0.13459378337107397
CAND-03289,0.03818251217871174
CAND-03291,0.09919625494863613
CAND-03292,0.04133377291039027
CAND-03293,0.030727034141942756
CAND-03295,0.050015163767639
CAND-03299,0.015305442686915272
CAND-03300,0.07587951211878306
CAND-03301,0.31523758282302305
CAND-03302,0.13808320062853868
CAND-03303,0.19552473595620826
CAND-03305,0.0906798696155467
CAND-03306,0.08409651547781787
CAND-03307,0.43662556815330156
CAND-03308,0.034702595391212655
CAND-03309,0.23280418535021483
CAND-03310,0.13112652285505166
CAND-03311,0.09649676696878269
CAND-03313,0.050015163767639
CAND-03314,0.11852801420244316
CAND-03315,0.01862628233693725
CAND-03316,0.19552473595620826
CAND-03317,0.0722974362896287
CAND-03318,0.046233959235925604
CAND-03319,0.19552473595620826
CAND-03322,0.05697695727099563
CAND-03323,0.015305442686915272
CAND-03324,0.13459378337107397
CAND-03325,0.23280418535021483
CAND-03326,0.08437878874956663
CAND-03327,0.03482537995193525
CAND-03330,0.19552473595620826
CAND-03331,0.2029939786496897
CAND-03334,0.15272048872474
CAND-03336,0.23280418535021483
CAND-03337,0.04133377291039027
CAND-03338,0.13808320062853868
CAND-03339,0.07490141647936892
CAND-03340,0.12019246315461812
CAND-03342,0.04612197343376437
CAND-03344,0.06300646644373523
CAND-03345,0.034702595391212655
CAND-03346,0.2029939786496897
CAND-03347,0.041302388859885915
CAND-03348,0.046233959235925604
CAND-03349,0.43662556815330156
CAND-03352,0.01862628233693725
CAND-03354,0.08689271168320128
CAND-03355,0.1724700791400055
CAND-03356,0.03482537995193525
CAND-03361,0.2143174880386948
CAND-03362,0.034702595391212655
CAND-03363,0.13112652285505166
CAND-03365,0.1724700791400055
CAND-03366,0.1099188356358592
CAND-03367,0.04612197343376437
CAND-03368,0.06544090921987535
CAND-03370,0.04612197343376437
CAND-03371,0.2314086057782049
CAND-03372,0.07544578284986891
CAND-03373,0.1724700791400055
CAND-03374,0.15272048872474
CAND-03375,0.43662556815330156
CAND-03377,0.31470420654643594
CAND-03383,0.03407906751808406
CAND-03385,0.02310975021301328
CAND-03386,0.046233959235925604
CAND-03387,0.050015163767639
CAND-03389,0.07544578284986891
CAND-03392,0.13459378337107397
CAND-03393,0.2314086057782049
CAND-03394,0.09912547962243905
CAND-03395,0.23280418535021483
CAND-03397,0.18698335664884203
CAND-03399,0.057399135622506196
CAND-03401,0.057399135622506196
CAND-03402,0.07544578284986891
CAND-03403,0.08409651547781787
CAND-03404,0.13112652285505166
CAND-03405,0.16599986447140413
CAND-03406,0.13808320062853868
CAND-03408,0.037295715537882246
CAND-03409,0.03482537995193525
CAND-03410,0.2314086057782049
CAND-03411,0.015305442686915272
CAND-03412,0.0557922763858048
CAND-03413,0.05159803767013958
CAND-03415,0.09912547962243905
CAND-03416,0.15272048872474
CAND-03417,0.058245104478508385
CAND-03422,0.13459378337107397
CAND-03423,0.0557922763858048
CAND-03425,0.034702595391212655
CAND-03430,0.057399135622506196
CAND-03431,0.23280418535021483
CAND-03437,0.2029939786496897
CAND-03439,0.2143174880386948
CAND-03440,0.23280418535021483
CAND-03443,0.034702595391212655
CAND-03444,0.15272048872474
CAND-03445,0.03482537995193525
CAND-03446,0.13808320062853868
CAND-03447,0.2509842722221661
CAND-03448,0.2029939786496897
CAND-03449,0.2029939786496897
CAND-03450,0.2029939786496897
CAND-03452,0.1159816725984282
CAND-03453,0.1724700791400055
CAND-03454,0.0507729271329089
CAND-03456,0.2143174880386948
CAND-03458,0.06544090921987535
CAND-03459,0.08437878874956663
CAND-03460,0.1724700791400055
CAND-03461,0.03444125354097564
CAND-03464,0.057399135622506196
CAND-03467,0.037295715537882246
CAND-03468,0.09912547962243905
CAND-03469,0.23280418535021483
CAND-03472,0.0906798696155467
CAND-03473,0.07544578284986891
CAND-03474,0.050015163767639
CAND-03475,0.1724700791400055
CAND-03476,0.02310975021301328
CAND-03477,0.2029939786496897
CAND-03478,0.03482537995193525
CAND-03481,0.09649676696878269
CAND-03483,0.1524008897055095
CAND-03484,0.2143174880386948
CAND-03486,0.02310975021301328
CAND-03487,0.015305442686915272
CAND-03488,0.1524008897055095
CAND-03489,0.07544578284986891
CAND-03490,0.1724700791400055
CAND-03494,0.041302388859885915
CAND-03495,0.07544578284986891
CAND-03498,0.07587951211878306
CAND-03500,0.09003628854337402
CAND-03501,0.13808320062853868
CAND-03502,0.19552473595620826
CAND-03503,0.01862628233693725
CAND-03504,0.13112652285505166
CAND-03505,0.1524008897055095
CAND-03506,0.0208573551161234
CAND-03509,0.13459378337107397
CAND-03510,0.034702595391212655
CAND-03511,0.017749706288190333
CAND-03512,0.19552473595620826
CAND-03513,0.23280418535021483
CAND-03514,0.1524008897055095
CAND-03515,0.03114770352944533
CAND-03516,0.2143174880386948
CAND-03520,0.013773660467566685
CAND-03521,0.11852801420244316
CAND-03522,0.03482537995193525
CAND-03523,0.2314086057782049
CAND-03524,0.041302388859885915
CAND-03525,0.15272048872474
CAND-03526,0.2314086057782049
CAND-03527,0.02310975021301328
CAND-03528,0.034702595391212655
CAND-03529,0.09649676696878269
CAND-03530,0.02310975021301328
CAND-03531,0.08689271168320128
CAND-03533,0.08409651547781787
CAND-03534,0.08409651547781787
CAND-03535,0.08689271168320128
CAND-03536,0.29036202627733737
CAND-03537,0.16599986447140413
CAND-03538,0.028742205073322688
CAND-03540,0.05697695727099563
CAND-03541,0.15171005012238936
CAND-03542,0.08409651547781787
CAND-03543,0.0906798696155467
CAND-03544,0.02310975021301328
CAND-03545,0.034702595391212655
CAND-03546,0.046233959235925604
CAND-03547,0.03407906751808406
CAND-03548,0.06300646644373523
CAND-03550,0.046233959235925604
CAND-03553,0.025652801422410637
CAND-03556,0.03444125354097564
CAND-03558,0.03114770352944533
CAND-03559,0.08409651547781787
CAND-03560,0.050015163767639
CAND-03561,0.09912547962243905
CAND-03562,0.05159803767013958
CAND-03566,0.04612197343376437
CAND-03569,0.01862628233693725
CAND-03572,0.2314086057782049
CAND-03573,0.31523758282302305
CAND-03574,0.05697695727099563
CAND-03575,0.1099188356358592
CAND-03576,0.2029939786496897
CAND-03577,0.0906798696155467
CAND-03578,0.19552473595620826
CAND-03580,0.034702595391212655
CAND-03582,0.08266148883198594
CAND-03583,0.23280418535021483
CAND-03585,0.29036202627733737
CAND-03586,0.31523758282302305
CAND-03587,0.050015163767639
CAND-03588,0.15272048872474
CAND-03589,0.050015163767639
CAND-03591,0.03482537995193525
CAND-03592,0.03114770352944533
CAND-03594,0.13808320062853868
CAND-03595,0.057399135622506196
CAND-03597,0.03407906751808406
CAND-03598,0.04133377291039027
CAND-03599,0.017749706288190333
CAND-03600,0.03482537995193525
CAND-03601,0.2029939786496897
CAND-03604,0.02310975021301328
CAND-03605,0.07544578284986891
CAND-03606,0.07544578284986891
CAND-03607,0.23280418535021483
CAND-03608,0.08437878874956663
CAND-03609,0.2143174880386948
CAND-03610,0.07544578284986891
CAND-03611,0.23280418535021483
CAND-03612,0.08437878874956663
CAND-03613,0.23280418535021483
CAND-03614,0.08437878874956663
CAND-03615,0.2029939786496897
CAND-03616,0.19552473595620826
CAND-03617,0.04133377291039027
CAND-03618,0.1524008897055095
CAND-03619,0.15272048872474
CAND-03620,0.29036202627733737
CAND-03621,0.07587951211878306
CAND-03622,0.1724700791400055
CAND-03623,0.19552473595620826
CAND-03624,0.08437878874956663
CAND-03625,0.07544578284986891
CAND-03626,0.046233959235925604
CAND-03627,0.08266148883198594
CAND-03628,0.08409651547781787
CAND-03631,0.0722974362896287
CAND-03633,0.010555618602472613
CAND-03634,0.31523758282302305
CAND-03637,0.08260955038649989
CAND-03638,0.13112652285505166
CAND-03639,0.09912547962243905
CAND-03642,0.034702595391212655
CAND-03643,0.05159803767013958
CAND-03645,0.030727034141942756
CAND-03646,0.1099188356358592
CAND-03647,0.15272048872474
CAND-03648,0.04612197343376437
CAND-03649,0.09912547962243905
CAND-03650,0.2029939786496897
CAND-03651,0.31523758282302305
CAND-03652,0.09649676696878269
CAND-03653,0.08409651547781787
CAND-03654,0.03818251217871174
CAND-03655,0.09912547962243905
CAND-03656,0.037295715537882246
CAND-03657,0.03482537995193525
CAND-03658,0.15272048872474
CAND-03661,0.15272048872474
CAND-03662,0.08437878874956663
CAND-03664,0.1724700791400055
CAND-03666,0.0722974362896287
CAND-03667,0.2509842722221661
CAND-03668,0.31523758282302305
CAND-03670,0.057399135622506196
CAND-03671,0.01862628233693725
CAND-03672,0.04612197343376437
CAND-03673,0.04612197343376437
CAND-03674,0.050015163767639
CAND-03675,0.046233959235925604
CAND-03676,0.13459378337107397
CAND-03677,0.03062564964857911
CAND-03678,0.29036202627733737
CAND-03680,0.2143174880386948
CAND-03682,0.2143174880386948
CAND-03683,0.09649676696878269
CAND-03685,0.19552473595620826
CAND-03686,0.2029939786496897
CAND-03687,0.1724700791400055
CAND-03688,0.23280418535021483
CAND-03690,0.04133377291039027
CAND-03691,0.07490141647936892
CAND-03692,0.03482537995193525
CAND-03695,0.11852801420244316
CAND-03696,0.2314086057782049
CAND-03697,0.23280418535021483
CAND-03698,0.31523758282302305
CAND-03700,0.057399135622506196
CAND-03701,0.08266148883198594
CAND-03702,0.08689271168320128
CAND-03703,0.2029939786496897
CAND-03705,0.2509842722221661
CAND-03707,0.041302388859885915
CAND-03709,0.03444125354097564
CAND-03710,0.13459378337107397
CAND-03711,0.025652801422410637
CAND-03712,0.15272048872474
CAND-03716,0.2314086057782049
CAND-03717,0.03114770352944533
CAND-03718,0.19552473595620826
CAND-03719,0.11852801420244316
CAND-03720,0.030727034141942756
CAND-03721,0.43662556815330156
CAND-03723,0.2029939786496897
CAND-03724,0.2509842722221661
CAND-03725,0.025652801422410637
CAND-03726,0.01862628233693725
CAND-03728,0.12019246315461812
CAND-03729,0.19552473595620826
CAND-03730,0.0557922763858048
CAND-03732,0.2509842722221661
CAND-03733,0.2143174880386948
CAND-03736,0.010555618602472613
CAND-03737,0.034702595391212655
CAND-03738,0.06544090921987535
CAND-03739,0.15171005012238936
CAND-03744,0.057399135622506196
CAND-03747,0.13808320062853868
CAND-03748,0.07587951211878306
CAND-03749,0.034702595391212655
CAND-03750,0.01862628233693725
CAND-03751,0.013773660467566685
CAND-03754,0.04612197343376437
CAND-03755,0.07587951211878306
CAND-03756,0.2509842722221661
CAND-03758,0.0208573551161234
CAND-03759,0.15272048872474
CAND-03760,0.13459378337107397
CAND-03761,0.06544090921987535
CAND-03762,0.13808320062853868
CAND-03763,0.2029939786496897
CAND-03764,0.034702595391212655
CAND-03765,0.1724700791400055
CAND-03766,0.2029939786496897
CAND-03767,0.23280418535021483
CAND-03768,0.15272048872474
CAND-03769,0.06544090921987535
CAND-03771,0.07544578284986891
CAND-03772,0.034702595391212655
CAND-03773,0.03482537995193525
CAND-03774,0.0722974362896287
CAND-03775,0.23280418535021483
CAND-03777,0.1099188356358592
CAND-03778,0.1099188356358592
CAND-03780,0.028742205073322688
CAND-03782,0.08409651547781787
CAND-03783,0.0557922763858048
CAND-03784,0.0557922763858048
CAND-03785,0.01862628233693725
CAND-03786,0.13112652285505166
CAND-03787,0.04612197343376437
CAND-03788,0.09912547962243905
CAND-03790,0.03818251217871174
CAND-03792,0.057399135622506196
CAND-03793,0.050015163767639
CAND-03794,0.1724700791400055
CAND-03796,0.06300646644373523
CAND-03797,0.43662556815330156
CAND-03799,0.2314086057782049
CAND-03801,0.046233959235925604
CAND-03803,0.09649676696878269
CAND-03804,0.03818251217871174
CAND-03805,0.050015163767639
CAND-03807,0.31523758282302305
CAND-03808,0.29036202627733737
CAND-03809,0.06544090921987535
CAND-03810,0.1524008897055095
CAND-03811,0.31523758282302305
CAND-03812,0.43662556815330156
CAND-03815,0.03114770352944533
CAND-03816,0.02310975021301328
CAND-03817,0.03818251217871174
CAND-03818,0.0906798696155467
CAND-03820,0.0722974362896287
CAND-03821,0.025652801422410637
CAND-03823,0.08409651547781787
CAND-03824,0.13112652285505166
CAND-03825,0.43662556815330156
CAND-03826,0.19552473595620826
CAND-03828,0.2029939786496897
CAND-03829,0.2029939786496897
CAND-03830,0.015305442686915272
CAND-03831,0.1099188356358592
CAND-03832,0.07544578284986891
CAND-03833,0.050015163767639
CAND-03835,0.03818251217871174
CAND-03838,0.29036202627733737
CAND-03840,0.13808320062853868
CAND-03842,0.13459378337107397
CAND-03843,0.16599986447140413
CAND-03844,0.08689271168320128
CAND-03845,0.2509842722221661
CAND-03846,0.037295715537882246
CAND-03847,0.15272048872474
CAND-03849,0.1159816725984282
CAND-03850,0.2143174880386948
CAND-03851,0.07490141647936892
CAND-03853,0.03818251217871174
CAND-03854,0.046233959235925604
CAND-03855,0.07544578284986891
CAND-03857,0.23280418535021483
CAND-03858,0.013773660467566685
CAND-03861,0.1724700791400055
CAND-03862,0.046233959235925604
CAND-03863,0.19552473595620826
CAND-03865,0.08689271168320128
CAND-03866,0.08437878874956663
CAND-03867,0.02310975021301328
CAND-03868,0.07544578284986891
CAND-03869,0.23280418535021483
CAND-03870,0.041302388859885915
CAND-03873,0.31523758282302305
CAND-03874,0.31523758282302305
CAND-03875,0.03444125354097564
CAND-03877,0.01862628233693725
CAND-03879,0.09649676696878269
CAND-03882,0.057399135622506196
CAND-03884,0.07544578284986891
CAND-03885,0.15171005012238936
CAND-03886,0.046233959235925604
CAND-03887,0.01862628233693725
CAND-03889,0.13459378337107397
CAND-03890,0.09919625494863613
CAND-03891,0.23280418535021483
CAND-03892,0.43662556815330156
CAND-03896,0.025652801422410637
CAND-03899,0.05159803767013958
CAND-03900,0.08409651547781787
CAND-03902,0.034702595391212655
CAND-03903,0.1724700791400055
CAND-03905,0.19552473595620826
CAND-03907,0.19552473595620826
CAND-03908,0.09912547962243905
CAND-03909,0.057399135622506196
CAND-03910,0.057399135622506196
CAND-03911,0.09003628854337402
CAND-03912,0.10545316089233389
CAND-03913,0.025652801422410637
CAND-03915,0.0722974362896287
CAND-03916,0.2314086057782049
CAND-03918,0.07587951211878306
CAND-03920,0.31523758282302305
CAND-03923,0.31470420654643594
CAND-03924,0.0906798696155467
CAND-03925,0.0208573551161234
CAND-03926,0.01862628233693725
CAND-03927,0.0906798696155467
CAND-03929,0.030727034141942756
CAND-03931,0.050015163767639
CAND-03932,0.07587951211878306
CAND-03933,0.03818251217871174
CAND-03934,0.09912547962243905
CAND-03935,0.10545316089233389
CAND-03936,0.050015163767639
CAND-03937,0.03818251217871174
CAND-03938,0.01862628233693725
CAND-03939,0.2143174880386948
CAND-03941,0.1724700791400055
CAND-03942,0.08409651547781787
CAND-03945,0.11852801420244316
CAND-03946,0.06300646644373523
CAND-03947,0.16599986447140413
CAND-03948,0.15272048872474
CAND-03949,0.08260955038649989
CAND-03950,0.1724700791400055
CAND-03951,0.0906798696155467
CAND-03952,0.034702595391212655
CAND-03953,0.050015163767639
CAND-03954,0.09912547962243905
CAND-03956,0.034702595391212655
CAND-03957,0.15272048872474
CAND-03959,0.43662556815330156
CAND-03960,0.09649676696878269
CAND-03961,0.2314086057782049
CAND-03962,0.057399135622506196
CAND-03963,0.017749706288190333
CAND-03964,0.2029939786496897
CAND-03965,0.05697695727099563
CAND-03966,0.015305442686915272
CAND-03967,0.030727034141942756
CAND-03969,0.08689271168320128
CAND-03970,0.034702595391212655
CAND-03971,0.31523758282302305
CAND-03972,0.05697695727099563
CAND-03973,0.15272048872474
CAND-03974,0.1524008897055095
CAND-03975,0.0906798696155467
CAND-03977,0.046233959235925604
CAND-03978,0.03407906751808406
CAND-03979,0.034702595391212655
CAND-03980,0.06300646644373523
CAND-03981,0.030727034141942756
CAND-03982,0.025652801422410637
CAND-03984,0.29036202627733737
CAND-03985,0.1159816725984282
CAND-03986,0.10545316089233389
CAND-03987,0.13459378337107397
CAND-03989,0.08266148883198594
CAND-03990,0.050015163767639
CAND-03991,0.2029939786496897
CAND-03993,0.04612197343376437
CAND-03994,0.037295715537882246
CAND-03995,0.2314086057782049
CAND-03996,0.057399135622506196
CAND-03997,0.31523758282302305
CAND-03999,0.03482537995193525
CAND-04000,0.037295715537882246
